Workbook

Sheet Read me
A1: Lab 7 coding sheet: Aguirre et al. (2015), Study 2, coded into Eisend et al.'s (2026) scheme
A3: One row per effect (E1–E6), one column per coding field. Columns A–C say what to code; do not change them.
A4: Row 2 of each coding tab says what goes in each column. Every cell is text: type values exactly as printed.
A6: 1. 'My coding' (by hand, before any AI sees the paper). Fill every cell, or write 'not reported' and say why in notes.
A7: Never enter zero or a number you calculated. Dropdowns are suggestions; you may type something else.
A8: 2. 'Codex'. Give Codex a BLANK copy of this file (a fresh download, never your filled copy), the Aguirre PDF and
A9: Eisend et al.'s Table 3. Ask it to fill rows 3–8 of its 'Codex' tab. Then copy those rows into the 'Codex' tab of
A10: your file (columns D onward, rows 3–8).
A11: 3. 'Compare' fills itself and marks every field where you and Codex differ (DIFF, shaded). For each DIFF, go to the page,
A12: record the page that settled it and who was right. Matches still need a page check on anything you were unsure of.
A13: 4. Submit this file (Lab7_YourName_coding.xlsx) with your Word template on Canvas.
A15: Field names match Eisend et al.'s published file where the two overlap (outcome_label, operationalization, items,
... A17: Codebook: Lab 7 hub card, Appendix C.

Sheet My coding
A1: effect_id | B1: outcome_to_code | C1: condition | D1: outcome_label | E1: operationalization | F1: items | G1: scale_points | H1: reliability | I1: category | J1: mean_control | K1: mean_treatment | L1: statistic | M1: stat_value | N1: df | O1: n_effect | P1: n_source | Q1: direction | R1: p_as_printed | S1: where_printed | T1: printed_page | U1: row_decision | V1: notes
A2: Given: do not change | B2: Given: do not change | C2: Given: do not change | D2: Outcome as the authors label it | E2: Item wording, copied (first item + count is fine for multi-item scales) | F2: Number of items | G2: Scale points, or 'not stated' | H2: Alpha as printed, 'single item' or 'not reported' | I2: Eisend Table 3: code and name, or 'manipulation check' | J2: Less personalized mean, as printed | K2: More personalized mean, as printed | L2: Test type | M2: Value exactly as printed (keep the sign) | N2: df for this comparison | O2: N for this comparison | P2: 'printed', or your assumption and where it came from | Q2: From the means | R2: Exact or '< .001' | S2: Where the values appear | T2: Journal page, not the PDF counter | U2: Enter, or the flag | V2: Flag reason, open question, or what you checked
A3: E1 | B3: Manipulation check: perceived personalization | C3: All conditions
A4: E2 | B4: Click-through intentions | C4: Facebook · overt
A5: E3 | B5: Click-through intentions | C5: Facebook · covert
A6: E4 | B6: Click-through intentions | C6: CNN · overt
A7: E5 | B7: Click-through intentions | C7: CNN · covert
A8: E6 | B8: Perceived vulnerability | C8: Facebook · covert

Sheet Codex
A1: effect_id | B1: outcome_to_code | C1: condition | D1: outcome_label | E1: operationalization | F1: items | G1: scale_points | H1: reliability | I1: category | J1: mean_control | K1: mean_treatment | L1: statistic | M1: stat_value | N1: df | O1: n_effect | P1: n_source | Q1: direction | R1: p_as_printed | S1: where_printed | T1: printed_page | U1: row_decision | V1: notes
A2: Given: do not change | B2: Given: do not change | C2: Given: do not change | D2: Outcome as the authors label it | E2: Item wording, copied (first item + count is fine for multi-item scales) | F2: Number of items | G2: Scale points, or 'not stated' | H2: Alpha as printed, 'single item' or 'not reported' | I2: Eisend Table 3: code and name, or 'manipulation check' | J2: Less personalized mean, as printed | K2: More personalized mean, as printed | L2: Test type | M2: Value exactly as printed (keep the sign) | N2: df for this comparison | O2: N for this comparison | P2: 'printed', or your assumption and where it came from | Q2: From the means | R2: Exact or '< .001' | S2: Where the values appear | T2: Journal page, not the PDF counter | U2: Enter, or the flag | V2: Flag reason, open question, or what you checked
A3: E1 | B3: Manipulation check: perceived personalization | C3: All conditions
A4: E2 | B4: Click-through intentions | C4: Facebook · overt
A5: E3 | B5: Click-through intentions | C5: Facebook · covert
A6: E4 | B6: Click-through intentions | C6: CNN · overt
A7: E5 | B7: Click-through intentions | C7: CNN · covert
A8: E6 | B8: Perceived vulnerability | C8: Facebook · covert

Sheet Compare
A1: Compare: filled automatically from 'My coding' and 'Codex'. Settle every DIFF on the page of the article.
A2: Fields compared | B2: =COUNTIF(E5:E118,"match")+COUNTIF(E5:E118,"DIFF") | C2: Matched | D2: =COUNTIF(E5:E118,"match")
A4: effect_id | B4: field | C4: my_entry | D4: codex_entry | E4: result | F4: page_that_settled_it | G4: who_was_right
A5: E1 | B5: outcome_label | C5: =IF('My coding'!D3="","",'My coding'!D3) | D5: =IF(Codex!D3="","",Codex!D3) | E5: =IF(AND('My coding'!D3="",Codex!D3=""),"",IF(TRIM(LOWER('My coding'!D3&""))=TRIM(LOWER(Codex!D3&"")),"match","DIFF"))
A6: E1 | B6: operationalization | C6: =IF('My coding'!E3="","",'My coding'!E3) | D6: =IF(Codex!E3="","",Codex!E3) | E6: =IF(AND('My coding'!E3="",Codex!E3=""),"",IF(TRIM(LOWER('My coding'!E3&""))=TRIM(LOWER(Codex!E3&"")),"match","DIFF"))
A7: E1 | B7: items | C7: =IF('My coding'!F3="","",'My coding'!F3) | D7: =IF(Codex!F3="","",Codex!F3) | E7: =IF(AND('My coding'!F3="",Codex!F3=""),"",IF(TRIM(LOWER('My coding'!F3&""))=TRIM(LOWER(Codex!F3&"")),"match","DIFF"))
A8: E1 | B8: scale_points | C8: =IF('My coding'!G3="","",'My coding'!G3) | D8: =IF(Codex!G3="","",Codex!G3) | E8: =IF(AND('My coding'!G3="",Codex!G3=""),"",IF(TRIM(LOWER('My coding'!G3&""))=TRIM(LOWER(Codex!G3&"")),"match","DIFF"))
A9: E1 | B9: reliability | C9: =IF('My coding'!H3="","",'My coding'!H3) | D9: =IF(Codex!H3="","",Codex!H3) | E9: =IF(AND('My coding'!H3="",Codex!H3=""),"",IF(TRIM(LOWER('My coding'!H3&""))=TRIM(LOWER(Codex!H3&"")),"match","DIFF"))
A10: E1 | B10: category | C10: =IF('My coding'!I3="","",'My coding'!I3) | D10: =IF(Codex!I3="","",Codex!I3) | E10: =IF(AND('My coding'!I3="",Codex!I3=""),"",IF(TRIM(LOWER('My coding'!I3&""))=TRIM(LOWER(Codex!I3&"")),"match","DIFF"))
A11: E1 | B11: mean_control | C11: =IF('My coding'!J3="","",'My coding'!J3) | D11: =IF(Codex!J3="","",Codex!J3) | E11: =IF(AND('My coding'!J3="",Codex!J3=""),"",IF(TRIM(LOWER('My coding'!J3&""))=TRIM(LOWER(Codex!J3&"")),"match","DIFF"))
A12: E1 | B12: mean_treatment | C12: =IF('My coding'!K3="","",'My coding'!K3) | D12: =IF(Codex!K3="","",Codex!K3) | E12: =IF(AND('My coding'!K3="",Codex!K3=""),"",IF(TRIM(LOWER('My coding'!K3&""))=TRIM(LOWER(Codex!K3&"")),"match","DIFF"))
A13: E1 | B13: statistic | C13: =IF('My coding'!L3="","",'My coding'!L3) | D13: =IF(Codex!L3="","",Codex!L3) | E13: =IF(AND('My coding'!L3="",Codex!L3=""),"",IF(TRIM(LOWER('My coding'!L3&""))=TRIM(LOWER(Codex!L3&"")),"match","DIFF"))
A14: E1 | B14: stat_value | C14: =IF('My coding'!M3="","",'My coding'!M3) | D14: =IF(Codex!M3="","",Codex!M3) | E14: =IF(AND('My coding'!M3="",Codex!M3=""),"",IF(TRIM(LOWER('My coding'!M3&""))=TRIM(LOWER(Codex!M3&"")),"match","DIFF"))
A15: E1 | B15: df | C15: =IF('My coding'!N3="","",'My coding'!N3) | D15: =IF(Codex!N3="","",Codex!N3) | E15: =IF(AND('My coding'!N3="",Codex!N3=""),"",IF(TRIM(LOWER('My coding'!N3&""))=TRIM(LOWER(Codex!N3&"")),"match","DIFF"))
A16: E1 | B16: n_effect | C16: =IF('My coding'!O3="","",'My coding'!O3) | D16: =IF(Codex!O3="","",Codex!O3) | E16: =IF(AND('My coding'!O3="",Codex!O3=""),"",IF(TRIM(LOWER('My coding'!O3&""))=TRIM(LOWER(Codex!O3&"")),"match","DIFF"))
A17: E1 | B17: n_source | C17: =IF('My coding'!P3="","",'My coding'!P3) | D17: =IF(Codex!P3="","",Codex!P3) | E17: =IF(AND('My coding'!P3="",Codex!P3=""),"",IF(TRIM(LOWER('My coding'!P3&""))=TRIM(LOWER(Codex!P3&"")),"match","DIFF"))
A18: E1 | B18: direction | C18: =IF('My coding'!Q3="","",'My coding'!Q3) | D18: =IF(Codex!Q3="","",Codex!Q3) | E18: =IF(AND('My coding'!Q3="",Codex!Q3=""),"",IF(TRIM(LOWER('My coding'!Q3&""))=TRIM(LOWER(Codex!Q3&"")),"match","DIFF"))
A19: E1 | B19: p_as_printed | C19: =IF('My coding'!R3="","",'My coding'!R3) | D19: =IF(Codex!R3="","",Codex!R3) | E19: =IF(AND('My coding'!R3="",Codex!R3=""),"",IF(TRIM(LOWER('My coding'!R3&""))=TRIM(LOWER(Codex!R3&"")),"match","DIFF"))
A20: E1 | B20: where_printed | C20: =IF('My coding'!S3="","",'My coding'!S3) | D20: =IF(Codex!S3="","",Codex!S3) | E20: =IF(AND('My coding'!S3="",Codex!S3=""),"",IF(TRIM(LOWER('My coding'!S3&""))=TRIM(LOWER(Codex!S3&"")),"match","DIFF"))
A21: E1 | B21: printed_page | C21: =IF('My coding'!T3="","",'My coding'!T3) | D21: =IF(Codex!T3="","",Codex!T3) | E21: =IF(AND('My coding'!T3="",Codex!T3=""),"",IF(TRIM(LOWER('My coding'!T3&""))=TRIM(LOWER(Codex!T3&"")),"match","DIFF"))
A22: E1 | B22: row_decision | C22: =IF('My coding'!U3="","",'My coding'!U3) | D22: =IF(Codex!U3="","",Codex!U3) | E22: =IF(AND('My coding'!U3="",Codex!U3=""),"",IF(TRIM(LOWER('My coding'!U3&""))=TRIM(LOWER(Codex!U3&"")),"match","DIFF"))
A23: E1 | B23: notes | C23: =IF('My coding'!V3="","",'My coding'!V3) | D23: =IF(Codex!V3="","",Codex!V3) | E23: =IF(AND('My coding'!V3="",Codex!V3=""),"",IF(TRIM(LOWER('My coding'!V3&""))=TRIM(LOWER(Codex!V3&"")),"match","DIFF"))
A24: E2 | B24: outcome_label | C24: =IF('My coding'!D4="","",'My coding'!D4) | D24: =IF(Codex!D4="","",Codex!D4) | E24: =IF(AND('My coding'!D4="",Codex!D4=""),"",IF(TRIM(LOWER('My coding'!D4&""))=TRIM(LOWER(Codex!D4&"")),"match","DIFF"))
A25: E2 | B25: operationalization | C25: =IF('My coding'!E4="","",'My coding'!E4) | D25: =IF(Codex!E4="","",Codex!E4) | E25: =IF(AND('My coding'!E4="",Codex!E4=""),"",IF(TRIM(LOWER('My coding'!E4&""))=TRIM(LOWER(Codex!E4&"")),"match","DIFF"))
A26: E2 | B26: items | C26: =IF('My coding'!F4="","",'My coding'!F4) | D26: =IF(Codex!F4="","",Codex!F4) | E26: =IF(AND('My coding'!F4="",Codex!F4=""),"",IF(TRIM(LOWER('My coding'!F4&""))=TRIM(LOWER(Codex!F4&"")),"match","DIFF"))
A27: E2 | B27: scale_points | C27: =IF('My coding'!G4="","",'My coding'!G4) | D27: =IF(Codex!G4="","",Codex!G4) | E27: =IF(AND('My coding'!G4="",Codex!G4=""),"",IF(TRIM(LOWER('My coding'!G4&""))=TRIM(LOWER(Codex!G4&"")),"match","DIFF"))
A28: E2 | B28: reliability | C28: =IF('My coding'!H4="","",'My coding'!H4) | D28: =IF(Codex!H4="","",Codex!H4) | E28: =IF(AND('My coding'!H4="",Codex!H4=""),"",IF(TRIM(LOWER('My coding'!H4&""))=TRIM(LOWER(Codex!H4&"")),"match","DIFF"))
A29: E2 | B29: category | C29: =IF('My coding'!I4="","",'My coding'!I4) | D29: =IF(Codex!I4="","",Codex!I4) | E29: =IF(AND('My coding'!I4="",Codex!I4=""),"",IF(TRIM(LOWER('My coding'!I4&""))=TRIM(LOWER(Codex!I4&"")),"match","DIFF"))
A30: E2 | B30: mean_control | C30: =IF('My coding'!J4="","",'My coding'!J4) | D30: =IF(Codex!J4="","",Codex!J4) | E30: =IF(AND('My coding'!J4="",Codex!J4=""),"",IF(TRIM(LOWER('My coding'!J4&""))=TRIM(LOWER(Codex!J4&"")),"match","DIFF"))
A31: E2 | B31: mean_treatment | C31: =IF('My coding'!K4="","",'My coding'!K4) | D31: =IF(Codex!K4="","",Codex!K4) | E31: =IF(AND('My coding'!K4="",Codex!K4=""),"",IF(TRIM(LOWER('My coding'!K4&""))=TRIM(LOWER(Codex!K4&"")),"match","DIFF"))
A32: E2 | B32: statistic | C32: =IF('My coding'!L4="","",'My coding'!L4) | D32: =IF(Codex!L4="","",Codex!L4) | E32: =IF(AND('My coding'!L4="",Codex!L4=""),"",IF(TRIM(LOWER('My coding'!L4&""))=TRIM(LOWER(Codex!L4&"")),"match","DIFF"))
A33: E2 | B33: stat_value | C33: =IF('My coding'!M4="","",'My coding'!M4) | D33: =IF(Codex!M4="","",Codex!M4) | E33: =IF(AND('My coding'!M4="",Codex!M4=""),"",IF(TRIM(LOWER('My coding'!M4&""))=TRIM(LOWER(Codex!M4&"")),"match","DIFF"))
A34: E2 | B34: df | C34: =IF('My coding'!N4="","",'My coding'!N4) | D34: =IF(Codex!N4="","",Codex!N4) | E34: =IF(AND('My coding'!N4="",Codex!N4=""),"",IF(TRIM(LOWER('My coding'!N4&""))=TRIM(LOWER(Codex!N4&"")),"match","DIFF"))
A35: E2 | B35: n_effect | C35: =IF('My coding'!O4="","",'My coding'!O4) | D35: =IF(Codex!O4="","",Codex!O4) | E35: =IF(AND('My coding'!O4="",Codex!O4=""),"",IF(TRIM(LOWER('My coding'!O4&""))=TRIM(LOWER(Codex!O4&"")),"match","DIFF"))
A36: E2 | B36: n_source | C36: =IF('My coding'!P4="","",'My coding'!P4) | D36: =IF(Codex!P4="","",Codex!P4) | E36: =IF(AND('My coding'!P4="",Codex!P4=""),"",IF(TRIM(LOWER('My coding'!P4&""))=TRIM(LOWER(Codex!P4&"")),"match","DIFF"))
A37: E2 | B37: direction | C37: =IF('My coding'!Q4="","",'My coding'!Q4) | D37: =IF(Codex!Q4="","",Codex!Q4) | E37: =IF(AND('My coding'!Q4="",Codex!Q4=""),"",IF(TRIM(LOWER('My coding'!Q4&""))=TRIM(LOWER(Codex!Q4&"")),"match","DIFF"))
A38: E2 | B38: p_as_printed | C38: =IF('My coding'!R4="","",'My coding'!R4) | D38: =IF(Codex!R4="","",Codex!R4) | E38: =IF(AND('My coding'!R4="",Codex!R4=""),"",IF(TRIM(LOWER('My coding'!R4&""))=TRIM(LOWER(Codex!R4&"")),"match","DIFF"))
A39: E2 | B39: where_printed | C39: =IF('My coding'!S4="","",'My coding'!S4) | D39: =IF(Codex!S4="","",Codex!S4) | E39: =IF(AND('My coding'!S4="",Codex!S4=""),"",IF(TRIM(LOWER('My coding'!S4&""))=TRIM(LOWER(Codex!S4&"")),"match","DIFF"))
A40: E2 | B40: printed_page | C40: =IF('My coding'!T4="","",'My coding'!T4) | D40: =IF(Codex!T4="","",Codex!T4) | E40: =IF(AND('My coding'!T4="",Codex!T4=""),"",IF(TRIM(LOWER('My coding'!T4&""))=TRIM(LOWER(Codex!T4&"")),"match","DIFF"))
A41: E2 | B41: row_decision | C41: =IF('My coding'!U4="","",'My coding'!U4) | D41: =IF(Codex!U4="","",Codex!U4) | E41: =IF(AND('My coding'!U4="",Codex!U4=""),"",IF(TRIM(LOWER('My coding'!U4&""))=TRIM(LOWER(Codex!U4&"")),"match","DIFF"))
A42: E2 | B42: notes | C42: =IF('My coding'!V4="","",'My coding'!V4) | D42: =IF(Codex!V4="","",Codex!V4) | E42: =IF(AND('My coding'!V4="",Codex!V4=""),"",IF(TRIM(LOWER('My coding'!V4&""))=TRIM(LOWER(Codex!V4&"")),"match","DIFF"))
A43: E3 | B43: outcome_label | C43: =IF('My coding'!D5="","",'My coding'!D5) | D43: =IF(Codex!D5="","",Codex!D5) | E43: =IF(AND('My coding'!D5="",Codex!D5=""),"",IF(TRIM(LOWER('My coding'!D5&""))=TRIM(LOWER(Codex!D5&"")),"match","DIFF"))
A44: E3 | B44: operationalization | C44: =IF('My coding'!E5="","",'My coding'!E5) | D44: =IF(Codex!E5="","",Codex!E5) | E44: =IF(AND('My coding'!E5="",Codex!E5=""),"",IF(TRIM(LOWER('My coding'!E5&""))=TRIM(LOWER(Codex!E5&"")),"match","DIFF"))
A45: E3 | B45: items | C45: =IF('My coding'!F5="","",'My coding'!F5) | D45: =IF(Codex!F5="","",Codex!F5) | E45: =IF(AND('My coding'!F5="",Codex!F5=""),"",IF(TRIM(LOWER('My coding'!F5&""))=TRIM(LOWER(Codex!F5&"")),"match","DIFF"))
A46: E3 | B46: scale_points | C46: =IF('My coding'!G5="","",'My coding'!G5) | D46: =IF(Codex!G5="","",Codex!G5) | E46: =IF(AND('My coding'!G5="",Codex!G5=""),"",IF(TRIM(LOWER('My coding'!G5&""))=TRIM(LOWER(Codex!G5&"")),"match","DIFF"))
A47: E3 | B47: reliability | C47: =IF('My coding'!H5="","",'My coding'!H5) | D47: =IF(Codex!H5="","",Codex!H5) | E47: =IF(AND('My coding'!H5="",Codex!H5=""),"",IF(TRIM(LOWER('My coding'!H5&""))=TRIM(LOWER(Codex!H5&"")),"match","DIFF"))
A48: E3 | B48: category | C48: =IF('My coding'!I5="","",'My coding'!I5) | D48: =IF(Codex!I5="","",Codex!I5) | E48: =IF(AND('My coding'!I5="",Codex!I5=""),"",IF(TRIM(LOWER('My coding'!I5&""))=TRIM(LOWER(Codex!I5&"")),"match","DIFF"))
A49: E3 | B49: mean_control | C49: =IF('My coding'!J5="","",'My coding'!J5) | D49: =IF(Codex!J5="","",Codex!J5) | E49: =IF(AND('My coding'!J5="",Codex!J5=""),"",IF(TRIM(LOWER('My coding'!J5&""))=TRIM(LOWER(Codex!J5&"")),"match","DIFF"))
A50: E3 | B50: mean_treatment | C50: =IF('My coding'!K5="","",'My coding'!K5) | D50: =IF(Codex!K5="","",Codex!K5) | E50: =IF(AND('My coding'!K5="",Codex!K5=""),"",IF(TRIM(LOWER('My coding'!K5&""))=TRIM(LOWER(Codex!K5&"")),"match","DIFF"))
A51: E3 | B51: statistic | C51: =IF('My coding'!L5="","",'My coding'!L5) | D51: =IF(Codex!L5="","",Codex!L5) | E51: =IF(AND('My coding'!L5="",Codex!L5=""),"",IF(TRIM(LOWER('My coding'!L5&""))=TRIM(LOWER(Codex!L5&"")),"match","DIFF"))
A52: E3 | B52: stat_value | C52: =IF('My coding'!M5="","",'My coding'!M5) | D52: =IF(Codex!M5="","",Codex!M5) | E52: =IF(AND('My coding'!M5="",Codex!M5=""),"",IF(TRIM(LOWER('My coding'!M5&""))=TRIM(LOWER(Codex!M5&"")),"match","DIFF"))
A53: E3 | B53: df | C53: =IF('My coding'!N5="","",'My coding'!N5) | D53: =IF(Codex!N5="","",Codex!N5) | E53: =IF(AND('My coding'!N5="",Codex!N5=""),"",IF(TRIM(LOWER('My coding'!N5&""))=TRIM(LOWER(Codex!N5&"")),"match","DIFF"))
A54: E3 | B54: n_effect | C54: =IF('My coding'!O5="","",'My coding'!O5) | D54: =IF(Codex!O5="","",Codex!O5) | E54: =IF(AND('My coding'!O5="",Codex!O5=""),"",IF(TRIM(LOWER('My coding'!O5&""))=TRIM(LOWER(Codex!O5&"")),"match","DIFF"))
A55: E3 | B55: n_source | C55: =IF('My coding'!P5="","",'My coding'!P5) | D55: =IF(Codex!P5="","",Codex!P5) | E55: =IF(AND('My coding'!P5="",Codex!P5=""),"",IF(TRIM(LOWER('My coding'!P5&""))=TRIM(LOWER(Codex!P5&"")),"match","DIFF"))
A56: E3 | B56: direction | C56: =IF('My coding'!Q5="","",'My coding'!Q5) | D56: =IF(Codex!Q5="","",Codex!Q5) | E56: =IF(AND('My coding'!Q5="",Codex!Q5=""),"",IF(TRIM(LOWER('My coding'!Q5&""))=TRIM(LOWER(Codex!Q5&"")),"match","DIFF"))
A57: E3 | B57: p_as_printed | C57: =IF('My coding'!R5="","",'My coding'!R5) | D57: =IF(Codex!R5="","",Codex!R5) | E57: =IF(AND('My coding'!R5="",Codex!R5=""),"",IF(TRIM(LOWER('My coding'!R5&""))=TRIM(LOWER(Codex!R5&"")),"match","DIFF"))
A58: E3 | B58: where_printed | C58: =IF('My coding'!S5="","",'My coding'!S5) | D58: =IF(Codex!S5="","",Codex!S5) | E58: =IF(AND('My coding'!S5="",Codex!S5=""),"",IF(TRIM(LOWER('My coding'!S5&""))=TRIM(LOWER(Codex!S5&"")),"match","DIFF"))
A59: E3 | B59: printed_page | C59: =IF('My coding'!T5="","",'My coding'!T5) | D59: =IF(Codex!T5="","",Codex!T5) | E59: =IF(AND('My coding'!T5="",Codex!T5=""),"",IF(TRIM(LOWER('My coding'!T5&""))=TRIM(LOWER(Codex!T5&"")),"match","DIFF"))
A60: E3 | B60: row_decision | C60: =IF('My coding'!U5="","",'My coding'!U5) | D60: =IF(Codex!U5="","",Codex!U5) | E60: =IF(AND('My coding'!U5="",Codex!U5=""),"",IF(TRIM(LOWER('My coding'!U5&""))=TRIM(LOWER(Codex!U5&"")),"match","DIFF"))
A61: E3 | B61: notes | C61: =IF('My coding'!V5="","",'My coding'!V5) | D61: =IF(Codex!V5="","",Codex!V5) | E61: =IF(AND('My coding'!V5="",Codex!V5=""),"",IF(TRIM(LOWER('My coding'!V5&""))=TRIM(LOWER(Codex!V5&"")),"match","DIFF"))
A62: E4 | B62: outcome_label | C62: =IF('My coding'!D6="","",'My coding'!D6) | D62: =IF(Codex!D6="","",Codex!D6) | E62: =IF(AND('My coding'!D6="",Codex!D6=""),"",IF(TRIM(LOWER('My coding'!D6&""))=TRIM(LOWER(Codex!D6&"")),"match","DIFF"))
A63: E4 | B63: operationalization | C63: =IF('My coding'!E6="","",'My coding'!E6) | D63: =IF(Codex!E6="","",Codex!E6) | E63: =IF(AND('My coding'!E6="",Codex!E6=""),"",IF(TRIM(LOWER('My coding'!E6&""))=TRIM(LOWER(Codex!E6&"")),"match","DIFF"))
A64: E4 | B64: items | C64: =IF('My coding'!F6="","",'My coding'!F6) | D64: =IF(Codex!F6="","",Codex!F6) | E64: =IF(AND('My coding'!F6="",Codex!F6=""),"",IF(TRIM(LOWER('My coding'!F6&""))=TRIM(LOWER(Codex!F6&"")),"match","DIFF"))
A65: E4 | B65: scale_points | C65: =IF('My coding'!G6="","",'My coding'!G6) | D65: =IF(Codex!G6="","",Codex!G6) | E65: =IF(AND('My coding'!G6="",Codex!G6=""),"",IF(TRIM(LOWER('My coding'!G6&""))=TRIM(LOWER(Codex!G6&"")),"match","DIFF"))
A66: E4 | B66: reliability | C66: =IF('My coding'!H6="","",'My coding'!H6) | D66: =IF(Codex!H6="","",Codex!H6) | E66: =IF(AND('My coding'!H6="",Codex!H6=""),"",IF(TRIM(LOWER('My coding'!H6&""))=TRIM(LOWER(Codex!H6&"")),"match","DIFF"))
A67: E4 | B67: category | C67: =IF('My coding'!I6="","",'My coding'!I6) | D67: =IF(Codex!I6="","",Codex!I6) | E67: =IF(AND('My coding'!I6="",Codex!I6=""),"",IF(TRIM(LOWER('My coding'!I6&""))=TRIM(LOWER(Codex!I6&"")),"match","DIFF"))
A68: E4 | B68: mean_control | C68: =IF('My coding'!J6="","",'My coding'!J6) | D68: =IF(Codex!J6="","",Codex!J6) | E68: =IF(AND('My coding'!J6="",Codex!J6=""),"",IF(TRIM(LOWER('My coding'!J6&""))=TRIM(LOWER(Codex!J6&"")),"match","DIFF"))
A69: E4 | B69: mean_treatment | C69: =IF('My coding'!K6="","",'My coding'!K6) | D69: =IF(Codex!K6="","",Codex!K6) | E69: =IF(AND('My coding'!K6="",Codex!K6=""),"",IF(TRIM(LOWER('My coding'!K6&""))=TRIM(LOWER(Codex!K6&"")),"match","DIFF"))
A70: E4 | B70: statistic | C70: =IF('My coding'!L6="","",'My coding'!L6) | D70: =IF(Codex!L6="","",Codex!L6) | E70: =IF(AND('My coding'!L6="",Codex!L6=""),"",IF(TRIM(LOWER('My coding'!L6&""))=TRIM(LOWER(Codex!L6&"")),"match","DIFF"))
A71: E4 | B71: stat_value | C71: =IF('My coding'!M6="","",'My coding'!M6) | D71: =IF(Codex!M6="","",Codex!M6) | E71: =IF(AND('My coding'!M6="",Codex!M6=""),"",IF(TRIM(LOWER('My coding'!M6&""))=TRIM(LOWER(Codex!M6&"")),"match","DIFF"))
A72: E4 | B72: df | C72: =IF('My coding'!N6="","",'My coding'!N6) | D72: =IF(Codex!N6="","",Codex!N6) | E72: =IF(AND('My coding'!N6="",Codex!N6=""),"",IF(TRIM(LOWER('My coding'!N6&""))=TRIM(LOWER(Codex!N6&"")),"match","DIFF"))
A73: E4 | B73: n_effect | C73: =IF('My coding'!O6="","",'My coding'!O6) | D73: =IF(Codex!O6="","",Codex!O6) | E73: =IF(AND('My coding'!O6="",Codex!O6=""),"",IF(TRIM(LOWER('My coding'!O6&""))=TRIM(LOWER(Codex!O6&"")),"match","DIFF"))
A74: E4 | B74: n_source | C74: =IF('My coding'!P6="","",'My coding'!P6) | D74: =IF(Codex!P6="","",Codex!P6) | E74: =IF(AND('My coding'!P6="",Codex!P6=""),"",IF(TRIM(LOWER('My coding'!P6&""))=TRIM(LOWER(Codex!P6&"")),"match","DIFF"))
A75: E4 | B75: direction | C75: =IF('My coding'!Q6="","",'My coding'!Q6) | D75: =IF(Codex!Q6="","",Codex!Q6) | E75: =IF(AND('My coding'!Q6="",Codex!Q6=""),"",IF(TRIM(LOWER('My coding'!Q6&""))=TRIM(LOWER(Codex!Q6&"")),"match","DIFF"))
A76: E4 | B76: p_as_printed | C76: =IF('My coding'!R6="","",'My coding'!R6) | D76: =IF(Codex!R6="","",Codex!R6) | E76: =IF(AND('My coding'!R6="",Codex!R6=""),"",IF(TRIM(LOWER('My coding'!R6&""))=TRIM(LOWER(Codex!R6&"")),"match","DIFF"))
A77: E4 | B77: where_printed | C77: =IF('My coding'!S6="","",'My coding'!S6) | D77: =IF(Codex!S6="","",Codex!S6) | E77: =IF(AND('My coding'!S6="",Codex!S6=""),"",IF(TRIM(LOWER('My coding'!S6&""))=TRIM(LOWER(Codex!S6&"")),"match","DIFF"))
A78: E4 | B78: printed_page | C78: =IF('My coding'!T6="","",'My coding'!T6) | D78: =IF(Codex!T6="","",Codex!T6) | E78: =IF(AND('My coding'!T6="",Codex!T6=""),"",IF(TRIM(LOWER('My coding'!T6&""))=TRIM(LOWER(Codex!T6&"")),"match","DIFF"))
A79: E4 | B79: row_decision | C79: =IF('My coding'!U6="","",'My coding'!U6) | D79: =IF(Codex!U6="","",Codex!U6) | E79: =IF(AND('My coding'!U6="",Codex!U6=""),"",IF(TRIM(LOWER('My coding'!U6&""))=TRIM(LOWER(Codex!U6&"")),"match","DIFF"))
A80: E4 | B80: notes | C80: =IF('My coding'!V6="","",'My coding'!V6) | D80: =IF(Codex!V6="","",Codex!V6) | E80: =IF(AND('My coding'!V6="",Codex!V6=""),"",IF(TRIM(LOWER('My coding'!V6&""))=TRIM(LOWER(Codex!V6&"")),"match","DIFF"))
A81: E5 | B81: outcome_label | C81: =IF('My coding'!D7="","",'My coding'!D7) | D81: =IF(Codex!D7="","",Codex!D7) | E81: =IF(AND('My coding'!D7="",Codex!D7=""),"",IF(TRIM(LOWER('My coding'!D7&""))=TRIM(LOWER(Codex!D7&"")),"match","DIFF"))
A82: E5 | B82: operationalization | C82: =IF('My coding'!E7="","",'My coding'!E7) | D82: =IF(Codex!E7="","",Codex!E7) | E82: =IF(AND('My coding'!E7="",Codex!E7=""),"",IF(TRIM(LOWER('My coding'!E7&""))=TRIM(LOWER(Codex!E7&"")),"match","DIFF"))
A83: E5 | B83: items | C83: =IF('My coding'!F7="","",'My coding'!F7) | D83: =IF(Codex!F7="","",Codex!F7) | E83: =IF(AND('My coding'!F7="",Codex!F7=""),"",IF(TRIM(LOWER('My coding'!F7&""))=TRIM(LOWER(Codex!F7&"")),"match","DIFF"))
A84: E5 | B84: scale_points | C84: =IF('My coding'!G7="","",'My coding'!G7) | D84: =IF(Codex!G7="","",Codex!G7) | E84: =IF(AND('My coding'!G7="",Codex!G7=""),"",IF(TRIM(LOWER('My coding'!G7&""))=TRIM(LOWER(Codex!G7&"")),"match","DIFF"))
A85: E5 | B85: reliability | C85: =IF('My coding'!H7="","",'My coding'!H7) | D85: =IF(Codex!H7="","",Codex!H7) | E85: =IF(AND('My coding'!H7="",Codex!H7=""),"",IF(TRIM(LOWER('My coding'!H7&""))=TRIM(LOWER(Codex!H7&"")),"match","DIFF"))
A86: E5 | B86: category | C86: =IF('My coding'!I7="","",'My coding'!I7) | D86: =IF(Codex!I7="","",Codex!I7) | E86: =IF(AND('My coding'!I7="",Codex!I7=""),"",IF(TRIM(LOWER('My coding'!I7&""))=TRIM(LOWER(Codex!I7&"")),"match","DIFF"))
A87: E5 | B87: mean_control | C87: =IF('My coding'!J7="","",'My coding'!J7) | D87: =IF(Codex!J7="","",Codex!J7) | E87: =IF(AND('My coding'!J7="",Codex!J7=""),"",IF(TRIM(LOWER('My coding'!J7&""))=TRIM(LOWER(Codex!J7&"")),"match","DIFF"))
A88: E5 | B88: mean_treatment | C88: =IF('My coding'!K7="","",'My coding'!K7) | D88: =IF(Codex!K7="","",Codex!K7) | E88: =IF(AND('My coding'!K7="",Codex!K7=""),"",IF(TRIM(LOWER('My coding'!K7&""))=TRIM(LOWER(Codex!K7&"")),"match","DIFF"))
A89: E5 | B89: statistic | C89: =IF('My coding'!L7="","",'My coding'!L7) | D89: =IF(Codex!L7="","",Codex!L7) | E89: =IF(AND('My coding'!L7="",Codex!L7=""),"",IF(TRIM(LOWER('My coding'!L7&""))=TRIM(LOWER(Codex!L7&"")),"match","DIFF"))
A90: E5 | B90: stat_value | C90: =IF('My coding'!M7="","",'My coding'!M7) | D90: =IF(Codex!M7="","",Codex!M7) | E90: =IF(AND('My coding'!M7="",Codex!M7=""),"",IF(TRIM(LOWER('My coding'!M7&""))=TRIM(LOWER(Codex!M7&"")),"match","DIFF"))
A91: E5 | B91: df | C91: =IF('My coding'!N7="","",'My coding'!N7) | D91: =IF(Codex!N7="","",Codex!N7) | E91: =IF(AND('My coding'!N7="",Codex!N7=""),"",IF(TRIM(LOWER('My coding'!N7&""))=TRIM(LOWER(Codex!N7&"")),"match","DIFF"))
A92: E5 | B92: n_effect | C92: =IF('My coding'!O7="","",'My coding'!O7) | D92: =IF(Codex!O7="","",Codex!O7) | E92: =IF(AND('My coding'!O7="",Codex!O7=""),"",IF(TRIM(LOWER('My coding'!O7&""))=TRIM(LOWER(Codex!O7&"")),"match","DIFF"))
A93: E5 | B93: n_source | C93: =IF('My coding'!P7="","",'My coding'!P7) | D93: =IF(Codex!P7="","",Codex!P7) | E93: =IF(AND('My coding'!P7="",Codex!P7=""),"",IF(TRIM(LOWER('My coding'!P7&""))=TRIM(LOWER(Codex!P7&"")),"match","DIFF"))
A94: E5 | B94: direction | C94: =IF('My coding'!Q7="","",'My coding'!Q7) | D94: =IF(Codex!Q7="","",Codex!Q7) | E94: =IF(AND('My coding'!Q7="",Codex!Q7=""),"",IF(TRIM(LOWER('My coding'!Q7&""))=TRIM(LOWER(Codex!Q7&"")),"match","DIFF"))
A95: E5 | B95: p_as_printed | C95: =IF('My coding'!R7="","",'My coding'!R7) | D95: =IF(Codex!R7="","",Codex!R7) | E95: =IF(AND('My coding'!R7="",Codex!R7=""),"",IF(TRIM(LOWER('My coding'!R7&""))=TRIM(LOWER(Codex!R7&"")),"match","DIFF"))
A96: E5 | B96: where_printed | C96: =IF('My coding'!S7="","",'My coding'!S7) | D96: =IF(Codex!S7="","",Codex!S7) | E96: =IF(AND('My coding'!S7="",Codex!S7=""),"",IF(TRIM(LOWER('My coding'!S7&""))=TRIM(LOWER(Codex!S7&"")),"match","DIFF"))
A97: E5 | B97: printed_page | C97: =IF('My coding'!T7="","",'My coding'!T7) | D97: =IF(Codex!T7="","",Codex!T7) | E97: =IF(AND('My coding'!T7="",Codex!T7=""),"",IF(TRIM(LOWER('My coding'!T7&""))=TRIM(LOWER(Codex!T7&"")),"match","DIFF"))
A98: E5 | B98: row_decision | C98: =IF('My coding'!U7="","",'My coding'!U7) | D98: =IF(Codex!U7="","",Codex!U7) | E98: =IF(AND('My coding'!U7="",Codex!U7=""),"",IF(TRIM(LOWER('My coding'!U7&""))=TRIM(LOWER(Codex!U7&"")),"match","DIFF"))
A99: E5 | B99: notes | C99: =IF('My coding'!V7="","",'My coding'!V7) | D99: =IF(Codex!V7="","",Codex!V7) | E99: =IF(AND('My coding'!V7="",Codex!V7=""),"",IF(TRIM(LOWER('My coding'!V7&""))=TRIM(LOWER(Codex!V7&"")),"match","DIFF"))
A100: E6 | B100: outcome_label | C100: =IF('My coding'!D8="","",'My coding'!D8) | D100: =IF(Codex!D8="","",Codex!D8) | E100: =IF(AND('My coding'!D8="",Codex!D8=""),"",IF(TRIM(LOWER('My coding'!D8&""))=TRIM(LOWER(Codex!D8&"")),"match","DIFF"))
A101: E6 | B101: operationalization | C101: =IF('My coding'!E8="","",'My coding'!E8) | D101: =IF(Codex!E8="","",Codex!E8) | E101: =IF(AND('My coding'!E8="",Codex!E8=""),"",IF(TRIM(LOWER('My coding'!E8&""))=TRIM(LOWER(Codex!E8&"")),"match","DIFF"))
...
